,speaker,language,word,t1,t2,cog,sd,skew,kurtosis,db_d,db_v,burst_time,db_ratio,db_diff
2,S03,English,DEBRIEFING,16.9162,17.006,9331.365901426954,9099.226682090879,0.2172047672896143,-1.8293386557396383,14.410470085410338,31.78632951189572,16.97859977324263,0.45335432894248967,-17.37585942648538
13,S03,English,DEVICE,19.737003900079443,19.7759,5570.126199276642,5475.245640827283,1.1101309320147998,0.3224782249523477,23.78017514825395,25.817032957730742,19.738951247165538,0.9211041093369767,-2.0368578094767926
21,S03,English,DECIBEL,29.2426,29.323863921541776,2029.146224346834,3564.142687674296,3.5774868769190658,14.214614470647543,26.296182036273645,36.71065261915905,29.29823129251701,0.7163093042521897,-10.414470582885404
31,S03,English,DYNAMIC,38.4377,38.4875,2239.903179021399,4235.422108804557,3.1358986179135937,9.229153010561939,24.64751084441947,36.956378884116,38.45009637188209,0.6669352244089334,-12.308868039696527
41,S03,English,DECENTRALIZED,63.1371,63.2668,7724.125832066706,7567.425842575507,0.32543024591136593,-1.6631267774939011,22.10182787739441,34.533380183236986,63.204450113378684,0.6400134524949563,-12.431552305842576
65,S03,English,DEAMON,101.4086,101.4585,2542.8785411286917,4447.059716775186,2.4427463569311785,5.275875660806914,26.089409931900747,37.0790783577141,101.43104875283447,0.7036153833223038,-10.989668425813356
73,S03,English,DECLARATORY,109.2218,109.27821273491773,4280.192495713272,5182.655089150265,1.6613992724174778,1.8961027086909068,24.088792154626116,27.332799104371063,109.2525,0.8813144992081633,-3.2440069497449464
87,S03,English,DECORUM,120.9294,121.0391,2361.423273593596,4089.14325583274,2.4858741242867897,6.055337973918546,26.833138808668807,30.83727051943882,121.02175170068027,0.8701528493500766,-4.0041317107700145
97,S03,English,DEBATE,130.6631,130.7486848511975,9663.763030056234,6813.341716904873,-0.29166984987652805,-1.6248494483156686,24.133774521224794,29.966811789832445,130.72839569161,0.8053500883071331,-5.833037268607651
105,S03,English,DEFLOWER,140.7113,140.8011,3776.582923224985,5646.748776440983,1.7918559535271623,1.9921570931636765,21.837390539183303,22.747714863798585,140.78370181405896,0.9599817243153509,-0.9103243246152815
114,S03,English,DARK,148.1263,148.25778096104182,849.2238394676906,1804.2361390666013,6.367261250688836,49.73564556381609,34.56321812442865,42.05863459575359,148.23704081632653,0.8217865001237652,-7.495416471324937
121,S03,English,DAMAGE,150.5048,150.5547,5244.393165100311,6075.886804763792,1.2661335957184054,0.25528449386822105,21.43895376591821,36.265493346803616,150.52725056689343,0.5911667479854594,-14.826539580885406
129,S03,English,DOCTOR,163.1381,163.178,1523.0498869954595,3409.2492879325755,4.358362681447179,19.553897132525844,26.225606294480308,35.86143148533195,163.15554988662132,0.7313039443282433,-9.63582519085164
137,S03,English,DANCE,165.1176,165.1675,2796.928587056953,3907.6668131826864,2.951675410610747,8.892145276932846,25.797403678794346,37.700874407118704,165.14005102040818,0.684265393959225,-11.903470728324358
144,S03,English,DABBLE,169.0139,169.0438,3422.0865623499603,4339.680811140932,2.309413048135152,5.327841192910229,24.742202828831267,37.163122158972925,169.02134353741494,0.6657729865373363,-12.420919330141658
152,S03,English,DOMAIN,171.1577,171.26382567676194,3108.7378193908066,3769.1600345856664,2.2896154927035153,5.979262422093489,28.28597078409715,35.29326811455112,171.2382709750567,0.8014551299780334,-7.007297330453969
160,S03,English,DIAL,173.598,173.6796175677157,3351.637453970085,5480.953967263099,1.7043082921340809,1.482717674509808,24.875510016265018,39.53726851625112,173.6588095238095,0.6291661247675814,-14.6617584999861
170,S03,English,DASHBOARD,181.7066,181.79588101084886,4735.2824102519035,5744.789253902358,1.3423418547566124,0.4984518287610826,24.7001463375663,40.73056135285971,181.7637358276644,0.6064278398616298,-16.03041501529341
180,S03,English,DEVELOP,193.4263,193.5261,8594.128671345672,6246.942887784061,0.07799712765572982,-1.5400470927063836,24.232424956309874,39.19261926391743,193.50870181405898,0.6182905202924109,-14.960194307607555
190,S03,English,DOT,204.0125,204.0724,2954.4019206013136,4674.906385239925,2.4393081864994643,5.334650116369726,24.858002255166358,42.29340492703474,204.03994897959186,0.5877512651925704,-17.435402671868385
196,S03,English,DECENTERED,208.5085,208.62453854372743,3112.5803779298294,4541.628325831989,2.487550755245031,5.877258018110492,23.397298179530917,20.832280354251246,208.58401927437643,1.1231270788248695,2.5650178252796714
206,S03,English,DEBUG,210.887,210.9269,3487.548445315165,4345.943475891481,2.6848452842908404,6.95315679089779,23.243797494141766,28.193337327209402,210.8994501133787,0.8244429250917084,-4.949539833067636
214,S03,English,DEARTH,220.9088,220.9587,3699.972893662869,5494.825094560353,1.8854328187844516,2.4908269373860064,21.99527869688595,39.10232957674666,220.93125283446713,0.5625055830424508,-17.10705087986071
220,S03,English,DANGLY,227.42174552455015,227.4589,2322.4142653669956,4298.430637749297,3.229393636688067,9.955743168669631,23.375442017639486,30.957758408343853,227.42281746031745,0.7550754066011203,-7.582316390704367
229,S03,English,DISTRIBUTED,232.4205,232.4737015238378,6029.8350611086025,8207.739881600271,0.9623829526851995,-0.8602245946475882,15.80827447415065,27.884030909379174,232.45209750566895,0.5669293125346996,-12.075756435228524
254,S03,English,DETECT,241.1783,241.2582,3881.3904710672873,4808.494230668202,2.2029277781743097,4.492348407218153,23.117108844859043,28.094086100168067,241.24075396825396,0.8228460880498529,-4.9769772553090235
263,S03,English,DOCK,251.7211,251.761,2660.2136551236213,4404.869854624845,2.837775286893291,7.590484133665557,23.60122612596628,35.313860420344454,251.7385544217687,0.668327558783959,-11.712634294378173
269,S03,English,DECOY,256.6424,256.6762703072037,7533.34922067762,6303.334620496887,0.4131754961509199,-1.161445563731621,21.550384984715798,20.475294767209014,256.64933106575967,1.0525067028206367,1.0750902175067836
276,S03,English,DAD,259.2027811017362,259.2443,5077.694578260252,6395.528386357725,1.1598952555326627,-0.12837679347707454,21.702801870234538,32.774048500858214,259.203537414966,0.6621947199982399,-11.071246630623676
282,S03,English,DUPLICATE,261.4075,261.4374,3045.268614450013,4759.416246864341,2.466271675018784,5.469996167018818,23.582437797359713,33.653011708879916,261.4199489795918,0.7007526696678112,-10.070573911520203
293,S03,English,DECAUCHED,268.4411,268.491,4672.82621392727,5497.818564493927,1.6541837256937106,1.7885421552844285,20.244194808802398,16.107422683993185,268.4735544217687,1.256823962837962,4.136772124809212
303,S03,English,DELETE,278.22095425448975,278.2559,4708.167006667128,5223.11055699408,1.7553084152488743,2.4998467370093094,21.877561597178445,32.31405938332263,278.2234353741497,0.6770291945576331,-10.436497786144184
311,S03,English,DITHER,285.641,285.6972588763598,5886.721060208368,6915.531858749283,1.2128195526489298,-0.0396501560704845,17.914890258809,26.150531989901516,285.676626984127,0.6850679085889015,-8.235641731092517
318,S03,English,DIAGNOSTIC,288.5565,288.5865,2899.062648996501,5464.096698004812,2.2616210927364926,3.700657860517196,22.533192371769903,37.706422698217146,288.5664965986395,0.597595602004306,-15.173230326447243
331,S03,English,DESKTOP,291.4877,291.5376,3262.635142502474,4411.383022216738,2.489942022033222,6.255504704366523,23.54432672191072,34.844519748055156,291.5151530612245,0.6756966918226746,-11.300193026144434
341,S03,English,DUAL,296.9523,297.062,3450.3397917003217,5108.411936416767,2.397626928380458,4.470479460733622,22.546097663116797,30.670987628117903,297.03964285714284,0.7350952612444557,-8.124889965001106
348,S03,English,DATABASE,306.0308,306.0707,6203.235791922994,6478.442648482146,0.7149979158796664,-1.0326221147614643,22.093899462770974,37.29446900917219,306.0382482993197,0.5924175903225009,-15.200569546401216
358,S03,English,DRIVE,316.268,316.3417313500892,13917.523196629727,8565.008455273693,-0.7613277545361848,-1.2688170691231864,10.82977632028218,36.71690732423124,316.3248639455783,0.2949533909446424,-25.887131003949058
365,S03,English,DEAL,318.4652,318.6144213899865,10230.817543083762,5933.771042831088,-0.4613029093488444,-1.0713400531226287,23.604993654471905,26.290196813316346,318.59230725623587,0.8978629495278503,-2.685203158844441
371,S03,English,DECLINE,324.7408,324.7807,2717.164855821714,4807.275434808753,2.428934331755732,5.085356579871796,23.29645491377404,25.579322037928925,324.7632482993197,0.9107534155608245,-2.282867124154887
380,S03,English,DEEP,331.878469669639,331.95007600274886,11222.61474414889,5065.125775999491,-1.067923889219622,0.10356142517208378,24.72474580828925,29.79705701622557,331.92427437641726,0.8297714030894304,-5.07231120793632
386,S03,English,DIRECT_CURRENT,342.1519,342.2450490381131,4125.611895587739,5681.129632786467,1.579053221744814,1.2931356601763513,23.74597554537751,37.78852517232817,342.2234807256235,0.6283911699937483,-14.04254962695066
401,S03,English,DELIVERY,347.835,347.8805161946083,4503.586031809592,5989.974831283761,1.6767987575067689,1.601700896523357,19.63686219629048,34.655496676908236,347.85525510204076,0.5666305226949749,-15.018634480617756
411,S03,English,DISK,349.8471,349.9336053127448,2656.0273835380754,4045.3157021498696,2.738855312943433,7.5775919339997095,24.594069734556918,39.11500003919406,349.91285147392296,0.6287631269311809,-14.52093030463714
418,S03,English,DECISION,352.1765,352.2164,5775.447725620863,5931.014588021858,1.0140887698451744,-0.06940955129630622,22.53190467368677,26.045182284076702,352.18395124716557,0.8651083500944491,-3.513277610389931
428,S03,English,DECLARE,357.3286,357.3685,6825.357946987579,6749.7912517549385,0.9257282996259616,-0.534771114227282,18.229886936198525,17.24584021278809,357.34604875283446,1.0570599467041768,0.9840467234104366
437,S03,English,DEADLOCKED,365.2508,365.3007,2011.4002050915444,4105.753215566209,3.248452871143472,10.126003565543106,24.68162074908974,39.334031742369355,365.2732482993197,0.6274876908309271,-14.652410993279616
447,S03,English,DECENT,368.1927,368.23866189883944,4765.571537773827,5912.6711668756825,1.4419099756047242,0.7986157935794447,21.73921011661112,26.945090417269814,368.2231802721089,0.806796703219741,-5.205880300658695
456,S03,English,DISABLED,371.46974671568853,371.50490577434397,4915.256915188418,6252.357364993202,1.5970672836787445,1.186413016024753,20.18738922894353,18.005465701954474,371.46982426303856,1.1211811770440467,2.1819235269890562
467,S03,English,DEFRAGMENT,383.5949,383.6448,5174.934535168584,4805.918095555396,1.514425244166654,2.018151476731213,23.069385264056457,18.14689353908576,383.62235260770973,1.271258092431543,4.922491724970698
480,S03,English,DISPLAY,400.0819,400.1318,8200.304037615208,5910.922555069961,0.5386118283328533,-0.8772373861332863,21.929239321751737,18.38197448299892,400.11434807256234,1.1929751802252584,3.5472648387528167
489,S03,English,DRAG,405.3106,405.3764501269368,2245.202749736741,3963.5309633229795,4.056380185092698,15.020003571842935,23.950516170793165,36.21790231109642,405.33101473922903,0.661289435403199,-12.267386140303252
496,S03,English,DARK,407.638,407.7378,3193.4545589800878,5333.19439320139,1.8871037169712985,2.179013588524704,25.090218794882503,37.49333451542389,407.71540249433104,0.6691914474707756,-12.403115720541386
508,S03,English,DAIRY,410.0078,410.1474,7445.231378305378,7612.426148181159,0.47439198509832237,-1.4763473584285927,18.756726142641668,32.01980637284536,410.10509637188204,0.5857851207541483,-13.263080230203691
515,S03,English,DIFFER,413.6395,413.6760332622024,6857.135572859024,7705.229350849233,0.945858131129552,-0.7351178233377125,16.91010788065448,23.77920209012381,413.6502664399093,0.7111301639375753,-6.869094209469331
522,S03,English,DIRECT,420.5848,420.6364764541017,752.7594355334721,1385.0906112849466,12.344474659252244,167.487045460217,33.69729649249373,33.61581531118868,420.62064625850337,1.0024238942459303,0.081481181305044
531,S03,English,DEBILITATE,423.5849,423.6205418222192,2677.1820149841483,3829.2844343837546,3.21338197288227,10.641248678076227,25.168646148255277,35.67018516220613,423.5952210884354,0.7055933697513401,-10.501539013950854
543,S03,English,DANGLING,430.364,430.4338,2076.575464966185,4157.675950170702,3.1128856450530384,9.093954613013594,26.214573789934317,32.316680871913505,430.41140022675734,0.8111777906225963,-6.102107081979188
559,S03,English,DOUBLE,440.0755,440.1353,6306.489715330501,6447.2830570836695,0.7959646593325228,-0.6597595252983246,20.517126657113813,31.15236517112166,440.09790816326534,0.6586057445209089,-10.635238514007845
572,S03,English,DEAD_CODE,442.5913,442.65166330365696,6197.654117450388,6524.776172957655,0.930284389992727,-0.5252461658135505,20.042644025704725,35.61714893664658,442.6214739229025,0.5627245476990662,-15.574504910941855
581,S03,English,DECELERATING,455.284,455.3139,7901.416614477742,7426.419141530541,0.7164401826594157,-1.121243455231636,16.389431818200283,26.94081937295398,455.29644557823127,0.6083494191959771,-10.551387554753699
594,S03,English,DEAD,460.6141,460.6939,6267.847778019906,6296.081814844618,0.9876827287841804,-0.3536952150915411,20.17667739849597,37.920390826494625,460.6615022675737,0.5320798904951873,-17.743713427998657
600,S03,English,DOMINATOR,463.6134,463.6633,4808.931824608203,5238.545282028881,1.444011874154877,1.123695509905832,24.190834076910967,32.24126569916143,463.6258446712018,0.7503065885388038,-8.050431622250464
611,S03,English,DECALCIFIED,468.7064,468.7363,4995.438226580357,6811.3021983931085,1.3428535894299205,0.267251361757209,18.90138627194852,18.21797417840036,468.7138492063492,1.0375130674165973,0.68341209354816
624,S03,English,DATA,474.0359,474.0758,2921.4806483124894,4533.300042299365,2.9135970366983512,7.959439704165039,22.92983279552338,34.20020114695025,474.05335034013603,0.6704590039397507,-11.270368351426868
631,S03,English,DROP,478.4571824258951,478.5051014035406,4675.496976046098,6187.8102102751045,1.840331948769151,1.8247148555946415,18.72096539785446,37.748746412286,478.4836337868481,0.49593608204592954,-19.027781014431543
636,S03,English,DOWN,478.7301,478.7799,4086.971723839026,5792.777582527606,1.8315788413431362,2.0273001133163673,20.637567411797633,33.94647683516398,478.7575,0.6079443092727636,-13.308909423366345
642,S03,English,DISCHARGE,485.4588,485.49494092778025,8080.312784282538,7614.949430918803,0.29610180786283696,-1.5049888309868078,17.391635989267545,20.12595854628685,485.4843707482994,0.8641395116296822,-2.734322557019304
652,S03,English,DAZZLE,487.9845,488.0344,1885.3752538319752,4105.853196846828,3.8799742441761578,14.16140146790164,23.340306632175356,35.086675566674394,488.0119557823129,0.665218526839977,-11.746368934499039
660,S03,English,DIRECTORY,492.932,493.0768076606162,6848.935645253905,7966.191171320001,0.7463256211636602,-1.2409096799174664,18.24240826234094,33.5110304576086,493.04439909297054,0.5443702569939638,-15.268622195267657
671,S03,English,DEACTIVATE,498.167,498.1969,5191.1302539755825,6407.097718090905,1.4219504508532117,0.6566390305395733,19.42805382604521,22.587919500039284,498.1744501133787,0.8601081576376002,-3.159865673994073
683,S03,English,DUPLEX,503.6581,503.688,4604.522492674772,5519.846057927374,1.512533219404683,1.154224640514001,22.96036675924233,37.69173710999608,503.6705498866213,0.60916180891947,-14.731370350753753
693,S03,English,DEFOLIATE,520.2927,520.3315625493362,4889.222285271552,5572.592393227769,1.2891402839029569,0.625318929836955,23.532578977289084,14.496695820692418,520.3146315192745,1.6233063912190908,9.035883156596666
704,S03,English,DOCUMENT,526.8363,526.8731233030628,5293.808977828886,6411.120646818202,1.239913716249864,0.12890698995567362,20.51647833146461,37.72671981212006,526.8472052154195,0.5438182389997633,-17.210241480655448
716,S03,English,DOWNLOAD,541.7092,541.7636772666076,6818.393381361473,6702.793257522388,0.6456011269326655,-0.9479168597529997,19.94172366580315,30.439104056518946,541.7364399092971,0.6551350403998621,-10.497380390715797
725,S03,English,DEFINE,543.5677,543.5977,9527.178503391147,8665.062251425281,0.20377563532413306,-1.7256656947696114,14.46903004496922,22.564736308796792,543.5726984126984,0.6412230946092871,-8.095706263827573
732,S03,English,DISCOVER,545.5428,545.5814277547059,9846.71293685709,7370.812863888848,0.272336024917177,-1.47530322102372,15.271525818230668,12.036616447871772,545.5746088435375,1.2687557075834937,3.2349093703588956
742,S03,English,DECRYPTION,557.9551,557.9931031540212,4385.025730737454,5356.530769365158,1.8662589379693721,2.577025906893966,21.876291098250206,22.379645527865208,557.9715929705216,0.977508382383078,-0.5033544296150012
754,S03,English,DOCUMENTARIST,582.8519,582.8918,6289.555054746781,7117.6612793312615,0.9196827022743763,-0.5920542599099372,19.320236573526092,30.073836085575365,582.8593480725624,0.6424267432511831,-10.753599512049274
771,S03,English,DECOUPLE,596.6989,596.7388,4932.695191831599,5497.709452096917,1.5056025948549125,1.404361343955503,21.58079842810359,11.706796400623176,596.7213548752835,1.8434418511758521,9.874002027480415
781,S03,English,DISPATCH,599.5362,599.5961,7089.553364432154,7275.649197117402,0.8636627230073566,-0.7949836393767473,16.10018815010821,17.97129441647522,599.5686451247167,0.8958836117752502,-1.8711062663670113
790,S03,English,DIGITAL,607.2242,607.2641,4568.425950356012,5031.927193626117,1.8672729026760884,3.1717861762626294,21.45171178663762,30.901781817392347,607.241649659864,0.6941901251326558,-9.450070030754727
800,S03,English,DECORATED,609.6581,609.7003199266375,3156.931371707991,5571.0130682535655,2.4528648998834877,4.671979813736724,20.46940722172089,14.586946251772158,609.6842176870749,1.4032688452001443,5.882460969948731
811,S03,English,DECISIVE,621.2754,621.3191011824885,5711.06098346453,5657.545395766173,1.239145482193581,0.6183308653254924,20.544855748224702,22.06786848919085,621.2922562358277,0.9309850545052804,-1.5230127409661485
1,S03,Spanish,DUAL,14.031368496875832,14.091232442454062,2821.206375273871,3438.936703541757,2.500913944267666,7.432172981891799,29.741913001110376,38.89155010597708,14.073792517006803,0.7647397164696571,-9.149637104866706
28,S03,Spanish,DOS,32.406767683290134,32.43669965607925,630.9737024975124,1738.2968737938836,10.68783675197458,115.03080253545954,30.23937773244696,33.17830278767311,32.42923469387755,0.9114202714335929,-2.93892505522615
41,S03,Spanish,DESINSTALAR,35.43277222097088,35.48265884228608,1993.9325290653264,3484.95981896299,3.4094456340420183,12.7619870695633,27.375520496289557,30.2887915071739,35.460221088435375,0.9038168620826508,-2.913271010884344
62,S03,Spanish,DESPEGABLE,50.322176958923635,50.37206358023883,3980.956548037227,5453.624628050224,1.7231024389682856,1.7175437741230084,24.25480979195328,36.303288777898956,50.349631519274375,0.668116047015535,-12.048478985945675
86,S03,Spanish,DESLIZAR,56.85499743092967,56.9148613765079,2976.9831244608567,4502.029853018643,2.681595282243827,6.683028357612844,23.259266753441786,37.17555430697533,56.87742063492063,0.625660254084701,-13.916287553533543
105,S03,Spanish,DESTACAR,66.5697213231335,66.60963062018567,1355.0715019002039,3019.458709969834,4.622007800335107,22.85749168890064,29.324526404125727,35.19240020397815,66.59717120181405,0.8332630407178332,-5.8678737998524255
116,S03,Spanish,DIRECCIÓN,69.23348627236801,69.28337289368321,4331.429224260107,5126.5444436571825,1.677067626744586,1.770610168869175,26.25716866314798,31.070389131679597,69.26592403628119,0.8450865726807385,-4.813220468531618
140,S03,Spanish,DESCARGAR,75.10737122919384,75.13730320198296,1987.2379274657408,4371.722305806959,3.1721596204249196,9.163451450164514,23.886896332565627,32.8308507218308,75.12984693877551,0.727574699021798,-8.943954389265173
181,S03,Spanish,DEBILITAR,84.09298251246828,84.14286913378346,9123.476390190242,6395.0552640153965,-0.1960582276030039,-1.4379501967435335,22.504480845060307,37.31349663139731,84.11542517006804,0.6031190554820315,-14.809015786337
222,S03,Spanish,DECLARAR,95.31137962974557,95.3712435753238,3713.0428313604257,5105.086879049092,1.7825678030913175,2.0318514696800767,26.33732972643585,23.957345140848926,95.33881519274377,1.0993425845641338,2.379984585586925
241,S03,Spanish,DECIBELIO,104.11947745554004,104.14940942832915,1318.0835633783333,2327.23966221042,3.6517613197282115,20.08627435692539,33.12375333891069,27.594068019704316,104.12693310657596,1.2003939874054723,5.529685319206372
253,S03,Spanish,DISCO,106.72165568377166,106.76156498082382,1888.550781178276,4029.26116433113,3.607536394085229,12.8119083751071,24.36132745800677,31.835045569308825,106.74912131519274,0.7652361421933307,-7.473718111302055
258,S03,Spanish,DURO,107.13072597855624,107.17063527560839,460.5887606100374,1097.6988981058719,16.108551370166385,273.9439342179692,34.948094538747895,35.31385595044318,107.16319160997732,0.9896425524245055,-0.3657614116952814
289,S03,Spanish,DOCUMENTO,118.20749026503736,118.23742223782648,667.527052163816,1376.3030601941207,10.970920921093263,128.2179748856758,35.948167840703704,15.77456510487844,118.23996031746033,2.2788690275579375,20.173602735825263
301,S03,Spanish,DISEÑO,124.49649729310495,124.55636123868318,5583.601843730294,5645.012300561682,1.3985707433197259,1.1266391694980777,20.719446114273946,27.17323497558266,124.52893990929705,0.7624946434567705,-6.453788861308713
320,S03,Spanish,DEFINIR,133.4430154717775,133.49290209309268,4174.3226027097635,5505.536472991662,1.4268638325469327,0.7369838317883532,26.247814885268006,36.85119919363003,133.47044784580498,0.7122648776598052,-10.603384308362024
372,S03,Spanish,DESCUBRIMIENTO,155.74078238741353,155.7806916844657,558.4528632891248,1540.8799392759227,11.970666267479354,145.97836786029245,32.358777544453346,29.582799830822758,155.77323696145123,1.093837558632238,2.7759777136305885
401,S03,Spanish,DIGITAL,161.45410196034712,161.48403393313623,1569.722814598622,3512.0596382704016,4.126938191530718,17.823835152725106,24.93919278441173,10.942746116372785,161.48155895691607,2.2790616285154552,13.996446668038946
411,S03,Spanish,DEPURAR,177.04579889416922,177.0956855154844,1447.4931026492454,3296.0350784985453,3.956289502712674,15.64847461190249,31.936862766489007,38.10749340852141,177.08323696145123,0.8380730378699599,-6.1706306420324
429,S03,Spanish,DENEGACIÓN,184.88545641686238,184.9453203624406,5596.571022650534,6591.576281881376,1.0033644379914812,-0.6609913806161973,23.073746737364136,35.767844031446444,184.91289682539684,0.6450974992252291,-12.694097294082308
468,S03,Spanish,DESCENTRALIZADA,196.19543728129221,196.25530122687044,3389.947437058591,4035.4217393386625,2.446495825102094,6.499242446729136,25.752798735465085,37.47613191040799,196.22787414965987,0.6871786767383251,-11.723333174942908
486,S03,Spanish,DÚPLEX,199.59338926598394,199.62332123877306,4039.7597780148067,7489.734984473939,1.6135904933729133,0.683460331778404,16.847336306709362,11.634139039395377,199.59085600907028,1.4480948052675942,5.213197267313985
505,S03,Spanish,DOBLE,205.86108723540917,205.8910192081983,11255.559035419947,9476.27298495842,-0.23194778056748241,-1.864439353442262,11.688913542515474,12.265598546509565,205.8785430839002,0.9529835415852413,-0.5766850039940916
544,S03,Spanish,DEMULTIPLEXOR,224.177841408191,224.2277280295062,2327.280533469828,4130.419611113945,3.0768471259540324,9.372731495764675,23.97931549752056,32.841373695036005,224.20527777777778,0.7301556786324395,-8.862058197515445
571,S03,Spanish,DISTRIBUIDA,236.16244699801294,236.2023562950651,9734.036937929759,7796.423020566676,0.35778426149498,-1.4726233944245897,14.52879667395556,21.325333180928105,236.17989229024943,0.6812928337714839,-6.796536506972545
585,S03,Spanish,DETECTAR,238.71448391928922,238.75439321634138,1984.0003312345552,4030.510396778674,3.2718704114828023,10.424017007623307,26.4778748900326,38.36520201093623,238.73693310657598,0.6901534073112641,-11.887327120903631
612,S03,Spanish,DESFRAGMENTAR,248.92165996805912,248.95159194084823,1398.4782834931423,3307.93534368717,4.320537950295451,18.93436067568355,27.274497383963748,29.9485053522794,248.93413265306123,0.9107131412114985,-2.674007968315653
705,S03,Spanish,DESMONTABLE,303.7541108837584,303.79402018081055,1572.1038108945272,3426.293999280183,4.123152281671375,17.603226075715984,26.610139491168518,36.474685077922324,303.77657029478456,0.729550904533383,-9.864545586753806
730,S03,Spanish,DECORO,311.5686397180568,311.60854901510896,521.8666620251325,724.5514000915402,25.426730024264135,678.7043270860332,39.25325874642222,40.93843021895662,311.6061054421769,0.9588364413700925,-1.6851714725343996
761,S03,Spanish,DESAYUNAR,327.416271038487,327.44620301127617,597.6043937882753,1067.638504105787,17.048710566861505,303.53849908516816,34.77476346862876,33.47705260826378,327.4387358276644,1.0387641909683722,1.2977108603649796
791,S03,Spanish,DESTELLAR,336.29689566521114,336.3467822865264,4042.130997676222,5252.066352446778,1.646901642425162,1.6282746145994667,23.54797564333845,32.57216523351114,336.31934807256226,0.7229478137091004,-9.024189590172693
811,S03,Spanish,DESACTIVAR,345.08104066549106,345.1209499625432,1673.5239270167663,3509.8023536526016,3.9502297246908977,16.34835460477731,25.74428175118904,24.413301302472586,345.1084863945579,1.0545186589976527,1.3309804487164527
844,S03,Spanish,DINÁMICO,362.5515511551856,362.5914604522378,2348.055240232269,4434.131417104052,2.7784523467999502,7.011742079424261,25.006309585708713,31.081717225365523,362.56900793650794,0.8045343635422202,-6.0754076396568095
874,S03,Spanish,DESCODIFICADOR,379.07979892396884,379.129685545284,1747.2025121566835,3977.559611763752,3.5768955609291484,12.343307007605715,24.519141005355895,31.562939998792345,379.1122505668934,0.7768332419696657,-7.04379899343645
927,S03,Spanish,DOCTOR,395.1923287405129,395.222260713302,7958.438783691734,7001.104638440381,0.5642014441343969,-1.0154838934199064,16.9400637177344,33.99732196324738,395.18979024943314,0.4982764153025748,-17.05725824551298
1002,S03,Spanish,DESBLOQUEAR,433.06126553538127,433.1111521566965,3529.103606902115,5392.36847653771,2.240034589339655,3.9105749617339685,21.55760650324809,30.640248299355605,433.09370181405893,0.7035715341674129,-9.082641796107517
1035,S03,Spanish,DESARROLLANDO,445.49557689055075,445.555440836129,2466.624273259209,4545.608661732328,2.8089815757594465,7.299822635327141,23.71895485938358,28.53280035635853,445.5280102040817,0.8312873101534815,-4.813845496974949
1062,S03,Spanish,DESATENDIDAS,449.49099985817367,449.52093183096275,2824.3251134074253,5263.941570473524,2.3691764139641633,4.655792600629228,21.221656949213177,29.831606587143632,449.50347505668935,0.7113816309966678,-8.609949637930455
1087,S03,Spanish,DISPOSITIVO,458.28751197767883,458.337398598994,3856.1429739196446,5911.417554171636,1.9429513675905448,2.5853410474293685,20.330959648906834,18.664855528240803,458.30996031746025,1.0892642387799432,1.6661041206660308
1140,S03,Spanish,DISCRETO,483.04125370769975,483.0811630047519,4896.822685787852,6402.130045129855,1.5067511089051489,0.9177637534715992,18.897582608595023,23.91443163106601,483.06371315192746,0.7902166733515902,-5.016849022470986
1185,S03,Spanish,DECISIVO,508.5929741709344,508.6528381165126,6520.2945468437765,6335.868900414359,1.0224188703146602,-0.3382808704070017,21.010300868779783,29.91227739267099,508.62040249433113,0.7023972328475283,-8.901976523891207
1213,S03,Spanish,DIAGNÓSTICO,517.7478118214497,517.7976984427648,3508.7213672575217,4573.194881916681,2.317206967524942,5.187399191476322,23.796420372073772,35.42167690728658,517.7802551020409,0.6718038910003896,-11.62525653521281
1252,S03,Spanish,DATOS,531.787861316587,531.8277706136392,3077.9481377857496,4781.077082593277,2.3975558824977794,5.1635543802150075,23.581712072226004,34.68913714597391,531.8203117913832,0.6798010562497645,-11.107425073747905
1283,S03,Spanish,DECISIÓN,539.6139460775249,539.643878050314,2493.3751427041766,5489.526612545463,2.6338656962029954,5.469893982140006,20.715608595464815,26.503156574413758,539.6364229024944,0.7816279746641099,-5.787547978948943
1294,S03,Spanish,DEMORA,547.6946684782873,547.7246004510764,992.6471810269237,2995.2018040650437,5.804104280456764,33.00459824486558,25.902337205385564,34.004149868908456,547.7071258503403,0.7617404730082445,-8.101812663522892
1346,S03,Spanish,DUPLICAR,562.5073859617856,562.5472952588378,2381.7863944493406,4724.2260474886725,3.0726823016501514,8.384509365064746,22.65301252516792,29.827077002726632,562.5348356009071,0.7594781252986038,-7.174064477558712
1357,S03,Spanish,DESPLAZAR,565.1017972139573,565.1317291867465,2100.3315160471866,4100.307106137927,3.261411171922061,10.518415661389213,24.078703033411273,34.49004833919493,565.1142687074831,0.6981348009897663,-10.411345305783655
1385,S03,Spanish,DEMONIO,573.5453441849126,573.5752761577018,1617.2549161666482,4197.385338922901,3.6871017355839175,12.490760791285739,23.4258809964322,24.90003076568893,573.562806122449,0.940797271170924,-1.47414976925673
1417,S03,Spanish,DORMIDA,585.9099351541457,585.9398671269349,750.3233088931444,1987.1246772741706,8.598407602044281,75.97398236411208,30.49889578098727,30.354534609775456,585.9474092970522,1.0047558354317618,0.1443611712118127
1427,S03,Spanish,DOMINIO,588.0058916275399,588.0557782488551,8181.60379022003,7806.122636326378,0.36498138429092275,-1.5465404629569492,18.506008654207182,30.71110716426106,588.0283276643992,0.602583571970433,-12.205098510053876
1459,S03,Spanish,DESARROLLAR,602.4772597568307,602.537123702409,3796.646346036126,5140.0678159833515,1.79434630721705,2.942312793719511,21.86676943913365,27.10006930748662,602.5096882086168,0.8068897976247157,-5.233299868352972
1519,S03,Spanish,DIRECTORIO,623.7946227033658,623.844509324681,3400.6870083034464,5925.812456980186,2.034341982664327,2.7647144919137006,19.543156831565067,29.45338640748715,623.8220578231293,0.6635283481901127,-9.910229575922084
1552,S03,Spanish,DECENTE,632.0704060254151,632.1302699709934,3578.770181645487,4832.933476768477,2.1741099817152354,4.146969939657932,23.37536073845037,34.14407752886596,632.1028401360545,0.6846095261671211,-10.768716790415585
1562,S03,Spanish,DECORADO,634.3357982782517,634.3757075753037,3041.8677253409096,5060.291787810415,2.3330044865761144,4.446366141824129,22.72734975674551,32.819079478721854,634.3582482993198,0.6925041810353247,-10.091729721976343
1581,S03,Spanish,DECLARATORIO,639.1617655332292,639.2216294788074,6644.84310318044,6620.809333654506,0.8160231831202793,-0.6859644119198238,19.510705619350873,29.517793793612192,639.1942006802722,0.6609811612537619,-10.00708817426132
1596,S03,Spanish,DESACELERAR,642.6307272606132,642.6806138819284,4343.000132063957,5593.999489574387,1.771525694308579,2.0962213093769693,21.014892869053345,31.886634944968684,642.6531802721089,0.6590501915715391,-10.87174207591534
1619,S03,Spanish,DESCENTRALIZAR,649.1220672232199,649.1719538445351,6881.868809047626,6485.366382243732,0.6555545454833227,-0.9959830826091207,21.395378399135122,30.28568943799954,649.1445181405896,0.7064517531600347,-8.890311038864418
1636,S03,Spanish,DEBATE,652.3021360505522,652.3520226718674,7529.294283606962,7511.022478644825,0.509230598361508,-1.2738481305592013,17.759763717730486,31.99511728864254,652.3195861678005,0.5550773125008908,-14.235353570912054
1659,S03,Spanish,DOMINADOR,656.9693020896937,657.0092113867458,3713.323011019722,5844.946769969821,1.6605673360677662,1.3941652398389426,22.924537311574763,32.5426663318057,656.9917630385488,0.7044455754742315,-9.618129020230935
1671,S03,Spanish,DULCE,659.3649377756162,659.4048470726684,3140.2529162282253,5415.985092706793,2.372027444581678,4.415434776537033,21.518286239603196,32.17185660663046,659.3923866213153,0.668854350021204,-10.653570367027267
1690,S03,Spanish,DOTE,664.2854179094311,664.3353045307463,3334.565645889554,5319.758050174834,2.102217036585639,3.377289229243508,21.527234430908067,34.71143806919964,664.3128514739229,0.6201769684100107,-13.18420363829157
1707,S03,Spanish,DIFERIR,670.1619701080655,670.2118567293807,2910.0203274063315,4406.851932424413,2.733869717440222,7.522263093006476,23.732780635170563,22.643614494828228,670.1944047619048,1.0481003658047217,1.0891661403423356
1725,S03,Spanish,DIVULGAR,674.6973414674883,674.7372507645405,2888.742116169797,5754.910080378629,2.4733915536812243,4.633797639868008,20.16350182073413,26.095529286406997,674.7197902494331,0.7726803162117573,-5.932027465672867
1736,S03,Spanish,DEFOLIAR,676.7785567062759,676.808488679065,8846.825180744105,9026.466526029306,0.3186363868089609,-1.7674418009649677,14.490898760567877,31.737029100470316,676.7860260770976,0.4565927930649669,-17.24613033990244
2,S06,English,DEBRIEFING,4.3282,4.378,937.9362592812356,1834.0146426419037,4.283622657008512,23.218786038044502,59.62634140959993,61.16885749503786,4.3655952380952385,0.9747826565901928,-1.5425160854379314
13,S06,English,DEVICE,6.464412392457172,6.561160112142756,2276.5018234794993,2593.104360521021,2.402435929431655,7.208123126309943,54.32771712898039,61.44068410439675,6.540289115646258,0.8842303421731049,-7.112966975416363
21,S06,English,DECIBEL,12.9574,13.005695033141238,809.3137784910099,1320.1985542246878,5.994820670301713,48.963682050963136,58.026178860886084,74.08864857995223,12.989053287981857,0.7831993155910726,-16.06246971906615
30,S06,English,DYNAMIC,19.7473,19.854520479768148,1644.111551751819,2404.8725516919885,3.475906657974913,15.067077675454094,54.86254449523136,73.89834702780044,19.83340702947846,0.7424055706495324,-19.03580253256908
40,S06,English,DECENTRALIZED,32.7646,32.7945,838.9835191525538,1635.4926069283342,4.037258854770052,19.181083805981853,54.38148187785893,65.16958293354521,32.78204648526077,0.8344611002545906,-10.788101055686283
64,S06,English,DEAMON,60.8193,60.8891,2198.550468659377,2169.9625943973774,1.987140538263407,5.771392039298409,57.243948665463755,60.890431987349075,60.861695011337865,0.9401140178699515,-3.64648332188532
72,S06,English,DECLARATORY,67.0691,67.129,1532.3466860663636,2555.314339971289,2.8853020377902543,8.885280987414074,57.10411207331865,55.44802488110986,67.1065476190476,1.0298673793297368,1.656087192208794
86,S06,English,DECORUM,75.1402,75.22,3854.428639131799,4036.596510066731,1.0216579071802512,0.19855985833641565,53.37120432202383,56.87949910583949,75.18760204081633,0.9383205752693506,-3.508294783815664
96,S06,English,DEBATE,80.49391644449824,80.5608956350498,1145.7659516370363,1780.389375114636,3.56135592179206,17.45696852849134,56.44829155855423,65.95707029962004,80.53990362811791,0.8558338219409878,-9.508778741065811
103,S06,English,DEFLOWER,87.9539,88.0537,1610.0411335971532,1727.6102984992856,2.1844563457413697,8.404430254132048,51.18809236965345,60.932939969034045,88.03129818594104,0.8400725846425119,-9.744847599380599
111,S06,English,DARK,93.5056,93.7051,8689.154121575022,3731.497196915018,-0.469473892852168,-0.6406233049109082,56.53738337502452,74.48640409465091,93.6678514739229,0.7590295713991198,-17.94902071962639
117,S06,English,DAMAGE,95.3499,95.49516958815683,7169.95065437445,4392.12334910608,0.06791921874064646,-1.032329230545275,57.90337007708472,78.47823324427304,95.46503968253967,0.7378271360525338,-20.57486316718832
125,S06,English,DANCE,106.2125,106.3323,4161.7669311127265,4013.9406770628466,1.2555123631584457,0.7220616765169905,56.43217868065874,77.15382203704083,106.29489229024942,0.7314242793256072,-20.72164335638209
132,S06,English,DABBLE,109.0069,109.0668,5166.976380689749,4693.813734324195,0.776207683947286,-0.6599787787827291,54.96513674466313,77.61479453401886,109.03434807256235,0.7081786027349682,-22.64965778935573
139,S06,English,DOMAIN,110.8127,110.8585788804918,1559.4660710380022,2544.9714352898886,3.0814997880030144,9.672792161297231,59.70999462189272,74.49457302937154,110.8381462585034,0.8015348258771872,-14.784578407478818
147,S06,English,DIAL,112.6218,112.73142006914894,4639.3974692659185,4129.491566934549,0.7218304889046313,-0.47289885724933445,56.4783783314906,74.63285450831586,112.69910997732426,0.7567495401800233,-18.154476176825256
155,S06,English,DASHBOARD,118.0488,118.2026668159859,1141.750053501988,1961.1080068909293,4.095978993345285,19.694267364543446,63.32256514902126,73.45670598635769,118.18573696145125,0.8620392692367864,-10.134140837336432
165,S06,English,DEVELOP,126.0533,126.0933,1519.8493594286138,2141.3649377888114,2.8908865808322908,10.751090045865212,55.32899431631198,63.52280321120884,126.07829931972789,0.8710099605073626,-8.193808894896861
174,S06,English,DOT,133.6215,133.7213,2621.0341934631006,2959.087711171023,2.5154401230163916,6.584985276214409,56.61423955613237,78.87659549343964,133.69889455782314,0.7177571395160065,-22.26235593730727
179,S06,English,DECENTERED,137.5719,137.6218,2415.076031294875,3367.812179166201,2.162120442297397,4.582077222244998,54.60384509021925,58.86013827559292,137.60434807256235,0.927688019259401,-4.256293185373664
189,S06,English,DEBUG,139.3084,139.3683,1021.8984450045592,1733.561207776729,3.83716818814822,20.650350455260284,54.10693513511297,62.528081957628785,139.34584467120186,0.8653221631166892,-8.421146822515816
197,S06,English,DEARTH,146.44304652954207,146.63488816173913,3930.6600614943213,3510.7356681653523,1.9530851806464826,3.5287997140243963,50.988361730696205,77.86102214812475,146.55396825396824,0.654863760119854,-26.87266041742854
203,S06,English,DANGLY,150.9332,151.0529,4126.73278583501,4667.832100450538,1.1309763946210774,-0.04039628737568002,52.73847782838765,76.62538756618564,151.02554988662132,0.6882637661419262,-23.886909737797986
212,S06,English,DISTRIBUTED,154.0035,154.0534,4738.884279839733,4918.605072940471,0.4993599544543204,-1.405652315691627,53.52784608356502,69.24273333627043,154.02594671201814,0.7730464050806944,-15.714887252705417
236,S06,English,DETECT,160.4623,160.572,5373.234259754416,4389.944851991878,0.5587348287122013,-0.5898814355284716,51.44342455850973,55.97885620767724,160.54964285714286,0.9189795584186036,-4.535431649167506
245,S06,English,DOCK,166.5368,166.6266,3175.062637847732,3263.5271089953344,2.1959828666177237,4.6404714340272095,50.908074781693166,74.66687690541676,166.60420068027213,0.6818026532190474,-23.75880212372359
249,S06,English,DECOY,169.3143,169.3642,1921.0683835663883,2032.5861353199423,2.621598464890371,10.57201845992172,54.62440370434307,56.89522658794032,169.35175170068027,0.9600876379306206,-2.270822883597255
256,S06,English,DAD,170.8093,170.939,4011.291521974817,3942.4205643925493,1.6062635440987911,1.6396528002976316,52.5530297778323,75.05550233165599,170.89664965986393,0.7001889021488452,-22.502472553823686
262,S06,English,DUPLICATE,172.1511,172.2409,2835.0555948918836,2687.023224844207,1.6679971168315535,3.7105211352187384,58.62887388182662,70.27689392493598,172.2185090702948,0.8342553378134382,-11.648020043109355
273,S06,English,DECAUCHED,176.1982,176.278,3373.288159768268,3368.8485306702723,1.845677221807845,2.9829888614566498,56.19377026037448,63.45242469070147,176.2506065759637,0.885604774510836,-7.258654430326992
283,S06,English,DELETE,181.0620627355137,181.1282150224782,3995.2220282779735,2025.3294819620044,2.1457678524941857,8.065521115805373,55.7497838651109,68.60314632206354,181.09263605442175,0.8126417934738533,-12.853362456952638
291,S06,English,DITHER,184.5343,184.6041,2124.976880294546,2363.8827138763922,2.520701057303513,8.242989954976823,54.136399006824696,67.85059865205557,184.57170634920635,0.7978765122536559,-13.71419964523087
297,S06,English,DIAGNOSTIC,186.1204,186.34490363625682,2161.4471355271908,2316.203274718519,2.659025194917658,9.98316821080238,52.247741158582215,65.8977752748753,186.32265306122449,0.7928604712472379,-13.650034116293085
310,S06,English,DESKTOP,187.9385,188.04593989387453,1236.750612121724,1910.9285298231116,3.350784934105894,13.921023048336615,57.63804597202059,73.38324236473343,188.02972222222223,0.7854388020298259,-15.745196392712842
319,S06,English,DUAL,190.9939,191.11170642402624,4878.489840200735,3835.555101198574,0.7068296431861875,-0.707224750543006,56.484678544987766,72.47894136793072,191.08530045351475,0.7793253802956368,-15.99426282294295
326,S06,English,DATABASE,197.8058,197.9334853419986,3376.1195622814316,4536.639111502976,1.3618249644997293,0.4633378362379368,51.97140542918171,76.04562120807137,197.9071485260771,0.6834240368289022,-24.07421577888966
336,S06,English,DRIVE,204.1219,204.1917,818.189312751223,1709.007922872621,5.051386588480654,29.72088856749199,58.78962184773188,71.82595194318057,204.14930272108842,0.8185011163407712,-13.03633009544869
343,S06,English,DEAL,205.5727,205.6925,5145.191654606137,4711.726049348669,0.9528194701950471,-0.3856151933782197,47.0615623716358,66.49570469730742,205.6350963718821,0.7077383807850892,-19.434142325671615
349,S06,English,DECLINE,209.7238,209.79600085611173,2736.2517575219235,2830.887004956822,2.385047296851133,6.2763997854659745,52.31550336854927,62.058702797536526,209.76490929705216,0.8430002724875838,-9.743199428987253
358,S06,English,DEEP,214.9095,214.9793,3154.4061944536047,3115.703107451532,1.9608494227511357,4.825745160158404,43.79808008628732,66.44972393673704,214.9318990929705,0.6591160578482606,-22.651643850449723
362,S06,English,DIRECT_CURRENT,221.1017,221.24227973290422,4262.374905971202,3460.3867055857986,0.9355284656299073,0.2755003331494512,55.974534871286934,76.75777817959998,221.2119954648526,0.7292359966480031,-20.783243308313047
377,S06,English,DELIVERY,225.1919,225.2717,2798.028674283814,3741.615288545931,1.383180355417346,0.9608495675572843,46.59982426672225,69.50775107911369,225.22930272108843,0.6704262984092573,-22.907926812391437
387,S06,English,DISK,226.7407,226.8006,2516.6782077397065,2847.1352014409804,2.2679082927490772,5.747306679579701,53.35783608665557,70.30688993121827,226.7731462585034,0.7589275551635967,-16.949053844562698
392,S06,English,DECISION,228.1016,228.1814,973.6203720923952,1571.060558236183,5.328016979401082,37.78805380175967,54.93786396607049,67.91565176273694,228.15900793650792,0.8089131524202359,-12.977787796666455
402,S06,English,DECLARE,231.2262,231.28029649654735,1633.1008758448995,2012.9361311655864,2.802563213976454,11.60947540633863,55.82796258961803,58.97093294096938,231.26324263038552,0.9467030587001651,-3.1429703513513445
410,S06,English,DEADLOCKED,235.9149,236.0845,5557.731134069971,4880.207034326004,0.6503339425859053,-1.0234327990303784,54.507045872486884,78.42627885806843,236.05219387755105,0.6950099719907754,-23.919232985581544
419,S06,English,DECENT,238.0723,238.1721,978.8906670132724,1976.9787406320406,4.455112144692511,22.751085367899243,55.73532340370504,57.077525781904626,238.15469954648526,0.9764845732218983,-1.3422023781995875
428,S06,English,DISABLED,239.4827,239.5226,1135.707932469641,2123.583901671701,3.8109698428321446,17.466357158173793,54.90182616472048,57.92120886910149,239.51015306122449,0.9478708617562759,-3.019382704381009
438,S06,English,DEFRAGMENT,246.3906,246.4604,690.0978619577805,1335.0491249582476,6.467114982869238,55.120740420042466,54.72133575544546,63.42027101659353,246.44299886621314,0.8628366747459649,-8.698935261148073
451,S06,English,DISPLAY,258.6693,258.7491,1409.9856703785433,2326.166370774071,2.8329890384641754,8.85626376643422,54.11917508117313,56.34592041787214,258.72669501133794,0.9604808064153529,-2.226745336699004
460,S06,English,DRAG,262.2017,262.29980124504937,2451.746181662431,2845.152124145337,2.216326679318433,4.844802161825305,53.29975185523821,75.8754361282027,262.2682482993197,0.702463861495049,-22.57568427296448
467,S06,English,DARK,263.8145,263.9673290543981,5796.037718659021,4045.1898358039075,0.2107751901364638,-0.9117873749250611,55.34116151245015,74.79940831248777,263.94090702947847,0.7398609529269623,-19.45824680003762
478,S06,English,DAIRY,265.6511,265.7708,6830.58361989129,5393.396327040102,0.09017870236086939,-1.6013693893577874,49.241019122375306,79.57440944908043,265.7284523809524,0.6188047069816406,-30.33339032670513
484,S06,English,DIFFER,267.036,267.10420929303774,2148.9696121724855,2493.217029231517,2.2731310531281834,6.638155556076107,54.088595167761675,63.16603822727149,267.08261337868475,0.8562923476877058,-9.077443059509818
490,S06,English,DIRECT,272.0629,272.1926,2552.21554006295,3557.1959030793546,2.0762178903745943,3.7717028257300145,52.26986923153862,71.37346604645997,272.16525510204076,0.7323431539322187,-19.103596814921346
499,S06,English,DEBILITATE,274.3229,274.3628,953.8930904084207,1795.684853455526,5.345440002658033,35.45295580151902,58.528462471641916,78.3540897843211,274.34034580498866,0.7469739311980833,-19.825627312679188
511,S06,English,DANGLING,279.7725,279.8423,7354.617483185551,3099.4094874621665,-0.13288263426730496,0.3838106618839179,57.34776276180932,76.21484262875057,279.8048922902495,0.7524487459897475,-18.867079866941253
525,S06,English,DOUBLE,286.9637,287.0761409490023,1571.3355269874655,2478.5057861723285,2.8526840923416303,9.599543300811256,57.55607634321989,81.10806007114478,287.0499206349206,0.7096221546013304,-23.551983727924885
537,S06,English,DEAD_CODE,288.9408,289.0206,3662.315063601958,3465.8358366898156,1.9332679950640836,3.269353832806236,54.41926289445738,80.9121073919043,288.9831916099773,0.6725725561796742,-26.492844497446917
545,S06,English,DECELERATING,298.4253,298.545,2750.2391852457004,3926.0622858942297,1.7828514199607182,2.1596705705136694,53.131922239004325,77.2124676599326,298.5176587301587,0.6881262035687502,-24.080545420928274
558,S06,English,DEAD,302.17438310207126,302.40260849209886,2240.7700277636463,4424.8119042653925,2.2142975265593523,3.1852980478103454,47.93822871658166,79.71242191317631,302.30099206349206,0.6013896901639312,-31.774193196594652
564,S06,English,DOMINATOR,304.0879,304.1577,841.2231866460115,1118.7940379689003,6.974859124693662,74.07444884361861,64.49012545085608,78.4530461000042,304.12030045351474,0.8220219437834247,-13.962920649148117
574,S06,English,DECALCIFIED,307.6442,307.7739,6134.08464684034,4610.16763065977,0.04445030725985363,-1.4111574099636153,51.00505918535401,74.87965566333432,307.7415476190476,0.6811604398219638,-23.87459647798031
586,S06,English,DATA,311.3366,311.4164,8928.416517523203,3394.310938305173,-0.5645428421470389,0.27129139535038194,60.26970600807279,75.04010688761731,311.3739965986395,0.8031665799508363,-14.770400879544525
593,S06,English,DROP,314.5677,314.7174,4457.228491690886,2573.762164010716,1.3024713947794533,3.348578655376798,54.07220850528024,75.66482227837056,314.67005102040815,0.7146281042774251,-21.592613773090328
598,S06,English,DOWN,314.9568,315.0366,3707.4786151768762,4325.1239838582915,1.133792085715802,0.0023188172868544576,53.47623038337964,78.4937359446174,314.9942006802721,0.6812802287957183,-25.017505561237762
604,S06,English,DISCHARGE,319.7602,319.8101,1144.346533561541,1855.7906553218918,3.4630189080152154,16.12240445076447,55.602390256608615,65.37182705909741,319.79264739229023,0.8505558549915235,-9.769436802488798
613,S06,English,DAZZLE,321.6894,321.7393,1548.0157977116455,2007.9419870958666,3.141164766529736,13.436029262771438,61.30489878287133,74.50396932800643,321.71185374149655,0.822840706821596,-13.199070545135108
621,S06,English,DIRECTORY,325.0199,325.0698,581.9988880882454,1229.5001243037648,8.96222526432386,93.37771530924435,66.72329810939638,75.10122417305544,325.0373526077097,0.8884448801479742,-8.37792606365906
632,S06,English,DEACTIVATE,328.5711,328.6509,6126.30091153676,4809.810820699143,0.08652151854999947,-1.4479609532374755,53.48224850906314,60.22698556525296,328.62350907029486,0.8880113790705625,-6.74473705618982
644,S06,English,DUPLEX,332.7175,332.8771,2734.5729540663297,3528.5640710342072,1.7477367878702135,2.704879243349102,55.25863217630614,74.09837443792172,332.85480158730155,0.7457468884503105,-18.839742261615577
654,S06,English,DEFOLIATE,343.7994,343.857166927543,938.6619104712696,1989.2858272276405,4.602907799844155,23.304381745300205,60.53507821687482,78.40992428697892,343.8357879818594,0.7720333716344059,-17.8748460701041
665,S06,English,DOCUMENT,349.4122,349.564538638805,5704.722121640311,4356.277960603246,0.2524138338513691,-1.133447481144975,57.37756127002903,77.65332894122669,349.5333673469388,0.7388937738066099,-20.275767671197663
677,S06,English,DOWNLOAD,361.5285,361.6083,6731.536509562986,4002.391138123922,-0.09627725350125885,-1.005237853771885,58.760308212710335,76.73144066208806,361.5659013605442,0.7657918019743761,-17.971132449377727
685,S06,English,DEFINE,363.1363,363.256,1929.9578367524703,2521.404266451032,2.6826733604364974,8.971218627037558,54.19510716109322,61.56822040851969,363.228656462585,0.8802448211349276,-7.373113247426474
693,S06,English,DISCOVER,365.0477,365.1674,1777.7291474009455,2321.5085551978036,2.603760101585964,9.139629131099484,55.418612790436896,59.68519926355555,365.15005102040817,0.9285151674826714,-4.266586473118657
702,S06,English,DECRYPTION,375.6206,375.6905,2865.8053336661164,3583.4613423382484,1.4226364568569299,1.4812457317712804,56.85084603879798,72.55542946041395,375.65804421768706,0.7835505414493571,-15.704583421615965
714,S06,English,DOCUMENTARIST,392.852,392.9297998666326,1716.577567094388,2750.128252701696,2.7221925509160014,8.08848705225297,56.77071570747529,72.35883661807357,392.89339569161,0.7845719798830386,-15.588120910598278
731,S06,English,DECOUPLE,401.6702,401.75,4824.115199309347,4841.421862415982,0.6027776561439082,-1.0375912557021474,54.305374499934864,56.469036125112524,401.71260204081636,0.961684105597555,-2.16366162517766
740,S06,English,DISPATCH,403.3147,403.3846,1833.9145071530306,2980.565009780055,2.456488259966682,5.923565576899186,54.090425873955056,60.4491002835184,403.36714852607713,0.8948094449753613,-6.358674409563342
749,S06,English,DIGITAL,408.8524,409.0918,4126.71440636558,3498.6730916098268,0.836580376962373,-0.15191502385210764,58.41134370377247,71.02769296807908,409.05959750566893,0.8223742214184461,-12.616349264306614
759,S06,English,DECORATED,410.7564,410.8163,3498.126688425095,3400.2701185045808,1.9349628851942517,3.3570049949189134,53.19578509870081,77.34328658880113,410.7788492063492,0.6877880090811044,-24.147501490100325
770,S06,English,DECISIVE,419.1061,419.1859,1573.9483713789139,3136.0149362062843,2.8701878208114935,7.45359520899494,58.43307083571196,80.67080912947496,419.1584977324264,0.7243397142816319,-22.237738293763
1,S06,Spanish,DUAL,2.0037580576519938,2.0536446789671867,858.1776966453708,1444.4665509709919,4.949909414352583,31.590099361973145,54.366908499062596,66.08453142047945,2.0411961451247165,0.8226873570932881,-11.717622921416854
28,S06,Spanish,DOS,14.769778954072736,14.829642899650967,1256.827130826583,1828.3885329824823,2.8243023810887435,10.575578480518905,62.196313126833694,78.78623004242189,14.8072052154195,0.7894312634751597,-16.589916915588198
40,S06,Spanish,DESINSTALAR,17.23658286769948,17.28646948901467,1174.023034901922,2082.0124747378104,3.4698763412899742,14.482362191323237,53.89172390162961,70.55558344561955,17.2640306122449,0.763819406910106,-16.663859543989936
61,S06,Spanish,DESPEGABLE,24.28810240652531,24.35794367636658,2018.9343488407467,2376.8396382443493,2.4561502486100175,8.39556425180584,59.06657694294968,79.2847067889912,24.330515873015873,0.7449933200881959,-20.21812984604152
85,S06,Spanish,DESLIZAR,28.656096845649227,28.71596079122746,927.8649698422417,1969.1856678131714,4.618640596473934,23.13356986535191,62.85474606457765,75.26767007168087,28.698531746031744,0.8350829247765764,-12.412924007103221
104,S06,Spanish,DESTACAR,35.78410693661713,35.82401623366928,845.6927553114704,1761.4989626811482,4.495697069914416,22.604662025527567,60.66908910030254,75.86483111305688,35.806570294784585,0.7996997846062688,-15.195742012754337
115,S06,Spanish,DIRECCIÓN,37.69227827222005,37.74216489353525,734.9204959256793,1237.9093721531065,5.748354268720089,50.02164811653108,59.01532320264829,64.50897328744948,37.72972222222223,0.9148389781322096,-5.493650084801189
139,S06,Spanish,DESCARGAR,41.431779297942725,41.54152986483615,3322.5015376931474,4238.4911700896855,1.561735675413446,1.104238602710832,59.64530763067066,78.0513481345604,41.5141439909297,0.7641803640321785,-18.40604050388974
180,S06,Spanish,DEBILITAR,47.88477571660958,47.95461698645085,3561.7728276154444,3915.5206916150714,1.5305448441536982,1.506816695802347,49.41367304269994,77.81219736149203,47.9172052154195,0.635037625439864,-28.398524318792084
221,S06,Spanish,DECLARAR,56.71847502525389,56.78831629509516,1616.4114521861452,1920.6711651271671,4.280415273233315,23.161672581927007,59.280432985973384,73.25267169671633,56.76090136054422,0.8092596708473463,-13.97223871074295
240,S06,Spanish,DECIBELIO,62.66158660849154,62.73142787833281,617.5018324436872,1291.0066981962873,6.965353409584923,58.6672158624727,62.18142893943531,74.12389771321466,62.69900793650794,0.8388850405575707,-11.942468773779353
252,S06,Spanish,DISCO,64.83384886655965,64.90369013640093,6231.663712799804,3529.676620646596,-0.5020056771778324,-0.7049694021945339,58.535398136664476,68.57531666970294,64.88627551020409,0.8535928228899572,-10.039918533038467
257,S06,Spanish,DURO,65.27285113413335,65.32273775544854,483.9671290911472,799.3877546043688,13.464958766452698,241.69016004708797,64.97858608142297,71.24002194457744,65.30528911564626,0.9121078897473436,-6.26143586315446
288,S06,Spanish,DOCUMENTO,73.20128329095972,73.26114723653795,611.4229220629893,1249.4393411076508,7.559780413725841,67.4088663024175,65.97662296183367,76.16500998075674,73.23872448979591,0.8662327094620327,-10.188387018923066
300,S06,Spanish,DISEÑO,76.87836435510671,76.96816027347406,1619.898079422798,2029.841814995043,2.6240122539188935,10.280221618284182,53.632226408372404,56.90675620271092,76.95076530612245,0.9424579784046357,-3.2745297943385197
319,S06,Spanish,DEFINIR,82.56541149376542,82.67516206065885,2066.7624592932784,2880.621759370869,2.5438566654176626,6.9471064647772955,53.36597316633183,72.5007235220423,82.65779478458049,0.7360750427560496,-19.13475035571048
371,S06,Spanish,DESCUBRIMIENTO,98.85752966405084,98.897438961103,1227.8613838865979,2028.8391421076285,3.548546038201533,15.731202180503953,62.77990781352983,80.88940783224949,98.87999433106576,0.7761202547523206,-18.109500018719658
400,S06,Spanish,DIGITAL,102.66453850106751,102.73437977090877,6619.31148539194,2441.790378884345,-0.9011722283866272,2.580941718012709,53.877539915442696,61.22331830266336,102.70195578231292,0.8800166572006748,-7.345778387220662
410,S06,Spanish,DEPURAR,114.5039384041652,114.55382502548039,2175.327479677894,2675.616950955108,2.3350655172353028,6.78089344613946,59.40608262414769,80.53011915750709,114.53137755102041,0.7376877526774379,-21.124036533359394
428,S06,Spanish,DENEGACIÓN,120.19152006254298,120.24140668385817,1106.7688778111042,1511.793928827123,3.642965926686582,18.542627987941163,58.73841498958035,74.47093619746617,120.21897392290249,0.7887428034183742,-15.732521207885824
467,S06,Spanish,DESCENTRALIZADA,127.8114503178632,127.86133693917839,512.2975267613374,930.4541517593291,9.264205990352655,111.44751850006806,64.2936896966768,75.4857007223161,127.84388321995466,0.8517333624972158,-11.192011025639303
485,S06,Spanish,DÚPLEX,130.38995102801948,130.43983764933466,1169.2705962267207,1963.591969898821,4.219103874335857,22.499960785318546,58.982488318365576,71.45853649500181,130.42238662131518,0.8254085685408786,-12.476048176636233
504,S06,Spanish,DOBLE,135.42184374708,135.49168501692125,1051.542863468647,1995.0584815848067,5.084122845168811,31.02445365952211,65.39997217810695,80.05997987524114,135.4742573696145,0.816887192327813,-14.66000769713419
543,S06,Spanish,DEMULTIPLEXOR,148.85036454107723,148.91022848665546,478.83501416376527,605.2483996930699,11.633155861071792,207.8711224214216,67.69873067463195,70.01939713145698,148.8827947845805,0.9668568060866315,-2.3206664568250375
570,S06,Spanish,DISTRIBUIDA,157.0695546175702,157.12941856314842,1157.3202178583263,1748.143847134415,3.4684567225483343,18.039912940392327,51.6054906765508,63.22192168395893,157.11197845804992,0.8162594445408082,-11.616431007408131
584,S06,Spanish,DETECTAR,158.910861631953,158.97072557753123,996.0310425028323,1811.4325622324886,3.892667183251203,18.092910175157638,57.55298239841607,74.94487998416614,158.94329365079366,0.7679374816608618,-17.391897585750066
611,S06,Spanish,DESFRAGMENTAR,164.75407062604998,164.79397992310214,1704.936982027495,2506.7407361881906,2.4727652037565,7.264437143831698,56.299723740113464,76.40810056880261,164.77152494331065,0.7368292539796574,-20.108376828689146
704,S06,Spanish,DESMONTABLE,195.92804501756208,195.9779316388773,559.1835695231636,1203.456270734011,8.03698633921996,73.30433382837307,63.90103407776867,71.84754248306137,195.95548185941044,0.8893976310022551,-7.946508405292704
729,S06,Spanish,DECORO,201.08809727887405,201.20782517003053,568.365013004379,1393.8896821858832,7.883765517735396,65.6033722201792,59.83092400421611,73.4458863353107,201.12545918367348,0.8146259374019031,-13.614962331094596
760,S06,Spanish,DESAYUNAR,211.34573075555693,211.3856400526091,908.31313261272,1452.3959777237465,5.003272883525607,34.92772757036544,59.0962758646128,71.41482694752081,211.36818027210884,0.8275070932824594,-12.318551082908009
790,S06,Spanish,DESTELLAR,217.616086928347,217.66597354966217,669.6846176434908,1204.7247366472752,5.8184430377886125,43.05103981104961,60.75908992868069,71.22453507369272,217.65353174603175,0.85306404409402,-10.465445145012033
810,S06,Spanish,DESACTIVAR,223.45374719841058,223.49365649546274,625.0849445848306,1271.6871001518455,5.774281748262529,39.03279903466606,62.31227532123952,70.69765607367485,223.4812074829932,0.8813909651587766,-8.385380752435331
843,S06,Spanish,DINÁMICO,234.4236228986797,234.4735095199949,3231.3600559461115,3394.2349693085853,1.7831541732235419,2.5492010051756138,56.79612225815673,61.846395889035875,234.45606009070295,0.9183416663447892,-5.050273630879147
873,S06,Spanish,DESCODIFICADOR,244.3937925469714,244.44367916828662,1064.406878819664,1587.8369731047796,4.144275192507493,24.762653938168306,62.01325510223867,80.37120087611066,244.42624149659864,0.7715855234990192,-18.35794577387199
926,S06,Spanish,DOCTOR,255.09531258538738,255.14519920670256,412.1807868899929,424.6671699530543,19.489861516940334,592.9526861227329,69.9685566734341,69.66537566986034,255.13276077097504,1.0043519610805016,0.303181003573755
1001,S06,Spanish,DESBLOQUEAR,282.0049113600923,282.0547979814075,635.761957411374,1190.7530068798685,7.197681895165492,70.52715204664091,62.88987709347869,81.3166757230945,282.03735260770975,0.7733945901531427,-18.426798629615817
1034,S06,Spanish,DESARROLLADO,290.7264613486099,290.79630261845114,573.7975092851349,1161.5024833154894,7.706093871142778,75.51144461098906,62.63457926288949,72.33753239180726,290.76388321995466,0.8658655775488314,-9.70295312891777
1061,S06,Spanish,DESATENDIDAS,293.89568579521057,293.9854817135779,850.3139477197676,1253.6050912008309,5.802754939017746,48.66699104951744,61.054643084960105,77.38599484051868,293.96308956916107,0.7889624370764359,-16.331351755558572
1086,S06,Spanish,DISPOSITIVO,300.30093792539014,300.3408472224423,1792.1151546510928,2600.869336096645,2.1712699145213183,5.02062751887563,58.68174888410714,65.66791436563253,300.32339569160996,0.8936137145664913,-6.98616548152539
1139,S06,Spanish,DISCRETO,318.0468594648415,318.09674608615666,2577.6921597677006,2375.3001880343454,1.999723005109063,5.87895859192049,57.74934415666788,59.76187092914728,318.0793027210884,0.9663242341447874,-2.012526772479397
1184,S06,Spanish,DECISIVO,336.4043386897406,336.4642026353188,2590.7533722684675,3252.27841875927,2.6211265602674105,6.466323398662668,59.50706011208637,81.00475370025359,336.4367630385488,0.734611950457669,-21.497693588167216
1212,S06,Spanish,DIAGNÓSTICO,341.69775910863126,341.74764572994644,1240.8173814759791,1545.4105537075047,2.7847129297812714,13.435977232552698,57.79269295620223,63.769447269772996,341.73520975056687,0.9062755822818026,-5.9767543135707655
1251,S06,Spanish,DATOS,353.3843601642014,353.46417875830565,2330.109713017849,3060.208837128488,2.5296513492490402,6.257001724329962,50.76655506561473,75.24501108869178,353.42176303854876,0.6746833355606243,-24.47845602307705
1282,S06,Spanish,DECISIÓN,359.6375915310096,359.7074328008509,3766.9424739219985,3353.8813417350816,0.6453807655555404,-0.627204059907573,56.463151823107644,71.89609556995526,359.6800170068027,0.7853437850205469,-15.43294374684762
1293,S06,Spanish,DEMORA,367.56324437114444,367.62310831672266,4270.755578877175,4807.020174125601,0.8212806324922759,-0.8659569200736259,48.22721357351782,74.46311769099805,367.59067460317465,0.6476657850084631,-26.235904117480224
1345,S06,Spanish,DUPLICAR,379.2595189890493,379.29942828610143,586.7228467390721,1030.2161071699431,8.401667994296089,91.51174362720853,61.0159320170554,72.50077864272575,379.2919671201815,0.8415900237117983,-11.48484662567035
1356,S06,Spanish,DESPLAZAR,381.1714730224001,381.23133696797834,1524.7308833606603,2092.334836639356,2.5138958372405726,7.7211133328903045,53.02238420398318,78.00742409249949,381.19890589569167,0.679709461257308,-24.98503988851631
1384,S06,Spanish,DEMONIO,386.9085830182416,386.9983789366089,1728.8532731131265,2926.415597394483,2.499841221616451,6.105296463598139,52.200669015360035,83.28037659237876,386.9459920634921,0.6268063516434323,-31.079707577018723
1416,S06,Spanish,DORMIDA,394.8185070182143,394.88834828805557,664.5272255889616,1143.9463153390398,6.661044651269002,57.99021014511148,59.62661778800165,77.49395733401565,394.86592403628117,0.7694357062060734,-17.867339546013994
1426,S06,Spanish,DOMINIO,396.4782680637548,396.538132009333,670.3126450586152,1100.0406392971684,6.7159457546896,61.184536553447884,65.43961320295335,75.18340383539194,396.51070861678005,0.8703997140941924,-9.74379063243859
1458,S06,Spanish,DESARROLLAR,405.2334931760102,405.2734024730624,2012.7073881289573,2598.571127148658,2.6826277679333246,8.61523923976616,54.29469531740318,73.19315224805291,405.2509580498866,0.7418002046611886,-18.89845693064973
1518,S06,Spanish,DIRECTORIO,420.8515799123795,420.9014665336947,1258.5789829560795,1695.7521523035698,2.6727208394075923,11.314102350631439,56.49547912811313,67.86823316226369,420.8790192743764,0.8324289066585857,-11.37275403415056
1551,S06,Spanish,DECENTE,426.78469488668486,426.85453615652614,6378.429455345403,4678.666611895279,0.19174482906406506,-1.2011675337688408,57.33371715476998,80.51063380149267,426.82211451247167,0.7121260192303567,-23.176916646722695
1561,S06,Spanish,DECORADO,428.7948937900324,428.8647350598737,3005.9346741633003,3064.6959832206217,1.6082018274883847,2.593168991297283,50.823053056585444,81.22415758637062,428.81731859410434,0.6257135138956926,-30.40110452978518
1580,S06,Spanish,DECLARATORIO,432.58616347077196,432.63605009208715,603.2944079706195,1345.3521641020093,7.4965581401513575,63.72351493942908,60.595188327947334,69.6307721426573,432.60859977324253,0.8702357659312157,-9.035583814709973
1595,S06,Spanish,DESACELERAR,434.6057877221357,434.7155382890291,2161.2058654101684,2724.714850787873,2.348897944432892,6.369583401639121,60.157172013135906,81.91803000480972,434.68815759637187,0.7343581383683646,-21.760857991673817
1618,S06,Spanish,DESCENTRALIZAR,438.3213926332039,438.3912339030452,4262.204955825328,4748.8593417434795,1.03277695249865,-0.34171407470166004,58.831102349256724,80.64963466293273,438.3638038548753,0.729465205826853,-21.818532313676002
1635,S06,Spanish,DEBATE,440.57741592161307,440.6073478944022,1761.0688684351665,2541.6879284387837,2.6407998694760093,8.383405227281166,53.21661993316213,75.41406923625293,440.57989229024946,0.7056590430951035,-22.1974493030908
1658,S06,Spanish,DOMINADOR,444.50220118343896,444.55208780475414,683.0694779639731,1262.410271880846,6.611112281852059,55.40829390183862,67.33482066947971,80.71357744325061,444.5296541950113,0.83424403678331,-13.378756773770903
1670,S06,Spanish,DULCE,446.72838299885984,446.778269620175,2284.6276753138873,1659.5683376707805,0.6551076993263121,3.391586979582515,63.165326184040254,72.70214537653335,446.7658219954648,0.8688234144522045,-9.536819192493098
1689,S06,Spanish,DOTE,450.2085419841862,450.2983379025535,5157.420593603268,4076.910422042539,1.0352936342907608,0.07116989734641788,49.09561459049588,85.33401663425113,450.25094671201816,0.5753346265291117,-36.23840204375525
1706,S06,Spanish,DIFERIR,453.8380406597751,453.8879272810903,1299.1028599691215,2209.2928854713145,3.6762643944892788,15.119225734458471,59.53149928689574,65.04277185878357,453.8804818594104,0.9152669479730425,-5.5112725718878295
1724,S06,Spanish,DIVULGAR,457.13320872867683,457.1631407014659,5248.566470770334,4074.7869492580594,0.15570773653563116,-1.0166151189240713,58.55815622814479,63.14558404481508,457.15067460317465,0.9273515656547804,-4.587427816670292
1735,S06,Spanish,DEFOLIAR,458.9322278937599,458.9920918393381,1589.513029310619,3417.8022431237637,2.82658576283004,6.6470690698846,57.94655992054797,80.14006269639768,458.96465419501135,0.7230660667196195,-22.19350277584971
